id,updatedAt,createdAt,usageTimestamps,viewTimestamps
1,2024-04-11 07:47:29.523,2024-04-11 07:47:29.523,{},{}
2,2024-04-11 07:47:29.523,2024-04-11 07:47:29.523,{},{}
3,2024-04-11 07:47:29.523,2024-04-11 07:47:29.523,{},{}
4,2024-04-11 07:47:29.523,2024-04-11 07:47:29.523,{},{}
5,2024-04-11 07:47:29.523,2024-04-11 07:47:29.523,{},{}
6,2024-04-11 07:47:29.523,2024-04-11 07:47:29.523,{},{}
7,2024-04-11 07:47:29.523,2024-04-11 07:47:29.523,{},{}
8,2024-04-11 07:47:29.523,2024-04-11 07:47:29.523,{},{}
9,2024-04-11 07:47:29.523,2024-04-11 07:47:29.523,{},{}
10,2024-04-11 07:47:29.523,2024-04-11 07:47:29.523,{},{}
11,2024-04-11 07:47:29.523,2024-04-11 07:47:29.523,{},{}
12,2024-04-11 07:47:29.523,2024-04-11 07:47:29.523,{},{}
13,2024-04-11 07:47:29.523,2024-04-11 07:47:29.523,{},{}
14,2024-04-11 07:47:29.523,2024-04-11 07:47:29.523,{},{}
15,2024-04-11 07:47:29.523,2024-04-11 07:47:29.523,{},{}
16,2024-04-11 07:47:29.523,2024-04-11 07:47:29.523,{},{}
17,2024-04-11 07:47:29.523,2024-04-11 07:47:29.523,{},{}
18,2024-04-11 07:47:29.523,2024-04-11 07:47:29.523,{},{}
19,2024-04-11 07:47:29.523,2024-04-11 07:47:29.523,{},{}
20,2024-04-11 07:47:29.523,2024-04-11 07:47:29.523,{},{}
21,2024-04-11 07:47:29.523,2024-04-11 07:47:29.523,{},{}
22,2024-04-11 07:47:29.523,2024-04-11 07:47:29.523,{},{}
23,2024-04-11 07:47:29.523,2024-04-11 07:47:29.523,{},{}
24,2024-04-11 07:47:29.523,2024-04-11 07:47:29.523,{},{}
25,2024-04-11 07:47:29.523,2024-04-11 07:47:29.523,{},{}
26,2024-04-11 07:47:29.523,2024-04-11 07:47:29.523,{},{}
27,2024-04-11 07:47:29.523,2024-04-11 07:47:29.523,{},{}
28,2024-04-11 07:47:29.523,2024-04-11 07:47:29.523,{},{}
29,2024-04-11 07:47:29.523,2024-04-11 07:47:29.523,{},{}
30,2024-04-11 07:47:29.523,2024-04-11 07:47:29.523,{},{}
31,2024-04-11 07:47:29.523,2024-04-11 07:47:29.523,{},{}
32,2024-04-11 07:47:29.523,2024-04-11 07:47:29.523,{},{}
33,2024-04-11 07:47:29.523,2024-04-11 07:47:29.523,{},{}
34,2024-04-11 07:47:29.523,2024-04-11 07:47:29.523,{},{}
35,2024-04-11 07:47:29.523,2024-04-11 07:47:29.523,{},{}
36,2024-04-11 07:47:29.523,2024-04-11 07:47:29.523,{},{}
37,2024-04-11 07:47:29.523,2024-04-11 07:47:29.523,{},{}
38,2024-04-11 07:47:29.523,2024-04-11 07:47:29.523,{},{}
39,2024-04-11 07:47:29.523,2024-04-11 07:47:29.523,{},{}
40,2024-04-11 07:47:29.523,2024-04-11 07:47:29.523,{},{}
41,2024-04-11 07:47:29.523,2024-04-11 07:47:29.523,{},{}
42,2024-04-11 07:47:29.523,2024-04-11 07:47:29.523,{},{}
43,2024-04-11 07:47:29.523,2024-04-11 07:47:29.523,{},{}
44,2024-04-11 07:47:29.523,2024-04-11 07:47:29.523,{},{}
45,2024-04-11 07:47:29.523,2024-04-11 07:47:29.523,{},{}
46,2024-04-11 07:47:29.523,2024-04-11 07:47:29.523,{},{}
47,2024-04-11 07:47:29.523,2024-04-11 07:47:29.523,{},{}
48,2024-04-11 07:47:29.523,2024-04-11 07:47:29.523,{},{}
49,2024-04-11 07:47:29.523,2024-04-11 07:47:29.523,{},{}
50,2024-04-11 07:47:29.523,2024-04-11 07:47:29.523,{},{}
51,2024-04-11 07:47:29.523,2024-04-11 07:47:29.523,{},{}
52,2024-04-11 07:47:29.523,2024-04-11 07:47:29.523,{},{}
53,2024-04-11 07:47:29.523,2024-04-11 07:47:29.523,{},{}
54,2024-04-11 07:47:29.523,2024-04-11 07:47:29.523,{},{}
55,2024-04-11 07:47:29.523,2024-04-11 07:47:29.523,{},{}
56,2024-04-11 07:47:29.523,2024-04-11 07:47:29.523,{},{}
57,2024-04-11 07:47:29.523,2024-04-11 07:47:29.523,{},{}
58,2024-04-11 07:47:29.523,2024-04-11 07:47:29.523,{},{}
59,2024-04-11 07:47:29.523,2024-04-11 07:47:29.523,{},{}
60,2024-04-11 07:47:29.523,2024-04-11 07:47:29.523,{},{}
61,2024-04-11 07:47:29.523,2024-04-11 07:47:29.523,{},{}
62,2024-04-11 07:47:29.523,2024-04-11 07:47:29.523,{},{}
63,2024-04-11 07:47:29.523,2024-04-11 07:47:29.523,{},{}
64,2024-04-11 07:47:29.523,2024-04-11 07:47:29.523,{},{}
65,2024-04-11 07:47:29.523,2024-04-11 07:47:29.523,{},{}
66,2024-04-11 07:47:29.523,2024-04-11 07:47:29.523,{},{}
67,2024-04-11 07:47:29.523,2024-04-11 07:47:29.523,{},{}
68,2024-04-11 07:47:29.523,2024-04-11 07:47:29.523,{},{}
69,2024-04-11 07:47:29.523,2024-04-11 07:47:29.523,{},{}
70,2024-04-11 07:47:29.523,2024-04-11 07:47:29.523,{},{}
71,2024-04-11 07:47:29.523,2024-04-11 07:47:29.523,{},{}
72,2024-04-11 07:47:29.523,2024-04-11 07:47:29.523,{},{}
73,2024-04-11 07:47:29.523,2024-04-11 07:47:29.523,{},{}
74,2024-04-11 07:47:29.523,2024-04-11 07:47:29.523,{},{}
75,2024-04-11 07:47:29.523,2024-04-11 07:47:29.523,{},{}
76,2024-04-11 07:47:29.523,2024-04-11 07:47:29.523,{},{}
77,2024-04-11 07:47:29.523,2024-04-11 07:47:29.523,{},{}
78,2024-04-11 07:47:29.523,2024-04-11 07:47:29.523,{},{}
79,2024-04-11 07:47:29.523,2024-04-11 07:47:29.523,{},{}
80,2024-04-11 07:47:29.523,2024-04-11 07:47:29.523,{},{}
81,2024-04-11 07:47:29.523,2024-04-11 07:47:29.523,{},{}
82,2024-04-11 07:47:29.523,2024-04-11 07:47:29.523,{},{}
83,2024-04-11 07:47:29.523,2024-04-11 07:47:29.523,{},{}
84,2024-04-11 07:47:29.523,2024-04-11 07:47:29.523,{},{}
85,2024-04-11 07:47:29.523,2024-04-11 07:47:29.523,{},{}
86,2024-04-11 07:47:29.523,2024-04-11 07:47:29.523,{},{}
87,2024-04-11 07:47:29.523,2024-04-11 07:47:29.523,{},{}
88,2024-04-11 07:47:29.523,2024-04-11 07:47:29.523,{},{}
89,2024-04-11 07:47:29.523,2024-04-11 07:47:29.523,{},{}
90,2024-04-11 07:47:29.523,2024-04-11 07:47:29.523,{},{}
91,2024-04-11 07:47:29.523,2024-04-11 07:47:29.523,{},{}
92,2024-04-11 07:47:29.523,2024-04-11 07:47:29.523,{},{}
93,2024-04-11 07:47:29.523,2024-04-11 07:47:29.523,{},{}
94,2024-04-11 07:47:29.523,2024-04-11 07:47:29.523,{},{}
95,2024-04-11 07:47:29.523,2024-04-11 07:47:29.523,{},{}
96,2024-04-11 07:47:29.523,2024-04-11 07:47:29.523,{},{}
97,2024-04-11 07:47:29.523,2024-04-11 07:47:29.523,{},{}
98,2024-04-11 07:47:29.523,2024-04-11 07:47:29.523,{},{}
99,2024-04-11 07:47:29.523,2024-04-11 07:47:29.523,{},{}
100,2024-04-11 07:47:29.523,2024-04-11 07:47:29.523,{},{}
101,2024-04-11 07:47:29.523,2024-04-11 07:47:29.523,{},{}
102,2024-04-11 07:47:29.523,2024-04-11 07:47:29.523,{},{}
103,2024-04-11 07:47:29.523,2024-04-11 07:47:29.523,{},{}
104,2024-04-11 07:47:29.523,2024-04-11 07:47:29.523,{},{}
105,2024-04-11 07:47:29.523,2024-04-11 07:47:29.523,{},{}
106,2024-04-11 07:47:29.523,2024-04-11 07:47:29.523,{},{}
107,2024-04-11 07:47:29.523,2024-04-11 07:47:29.523,{},{}
108,2024-04-11 07:47:29.523,2024-04-11 07:47:29.523,{},{}
109,2024-04-11 07:47:29.523,2024-04-11 07:47:29.523,{},{}
110,2024-04-11 07:47:29.523,2024-04-11 07:47:29.523,{},{}
111,2024-04-11 07:47:29.523,2024-04-11 07:47:29.523,{},{}
112,2024-04-11 07:47:29.523,2024-04-11 07:47:29.523,{},{}
113,2024-04-11 07:47:29.523,2024-04-11 07:47:29.523,{},{}
114,2024-04-11 07:47:29.523,2024-04-11 07:47:29.523,{},{}
115,2024-04-11 07:47:29.523,2024-04-11 07:47:29.523,{},{}
116,2024-04-11 07:47:29.523,2024-04-11 07:47:29.523,{},{}
117,2024-04-11 07:47:29.523,2024-04-11 07:47:29.523,{},{}
118,2024-04-11 07:47:29.523,2024-04-11 07:47:29.523,{},{}
119,2024-04-11 07:47:29.523,2024-04-11 07:47:29.523,{},{}
120,2024-04-11 07:47:29.523,2024-04-11 07:47:29.523,{},{}
121,2024-04-11 07:47:29.523,2024-04-11 07:47:29.523,{},{}
122,2024-04-11 07:47:29.523,2024-04-11 07:47:29.523,{},{}
123,2024-04-11 07:47:29.523,2024-04-11 07:47:29.523,{},{}
124,2024-04-11 07:47:29.523,2024-04-11 07:47:29.523,{},{}
125,2024-04-11 07:47:29.523,2024-04-11 07:47:29.523,{},{}
126,2024-04-11 07:47:29.523,2024-04-11 07:47:29.523,{},{}
127,2024-04-11 07:47:29.523,2024-04-11 07:47:29.523,{},{}
128,2024-04-11 07:47:29.523,2024-04-11 07:47:29.523,{},{}
129,2024-04-11 07:47:29.523,2024-04-11 07:47:29.523,{},{}
130,2024-04-11 07:47:29.523,2024-04-11 07:47:29.523,{},{}
131,2024-04-11 07:47:29.523,2024-04-11 07:47:29.523,{},{}
132,2024-04-11 07:47:29.523,2024-04-11 07:47:29.523,{},{}
133,2024-04-11 07:47:29.523,2024-04-11 07:47:29.523,{},{}
134,2024-04-11 07:47:29.523,2024-04-11 07:47:29.523,{},{}
135,2024-04-11 07:47:29.523,2024-04-11 07:47:29.523,{},{}
defaultSimulatorStatisticId,2025-03-18 10:39:08.466,1970-01-01 00:00:00,{},{}
defaultItemSubWeaponStatisticId,2025-03-18 11:02:11.838,1970-01-01 00:00:00,{},{}
defaultItemSpecialStatisticId,2025-03-18 11:02:33.705,1970-01-01 00:00:00,{},{}
defaultCharacterStatisticId,2025-03-18 11:02:39.386,1970-01-01 00:00:00,{},{}
defaultIteamOptionStatisticId,2025-03-18 11:03:40.348,1970-01-01 00:00:00,{},{}
defaultItemOptionCrystalBStatisticId,2025-03-18 11:04:03.221,1970-01-01 00:00:00,{},{}
defaultItemSpecialCrystalAStatisticId,2025-03-18 11:04:09.278,1970-01-01 00:00:00,{},{}
defaultItemWeaponCrystalAStatisticId,2025-03-18 11:04:14.006,1970-01-01 00:00:00,{},{}
defaultItemWeaponCrystalBStatisticId,2025-03-18 11:04:19.815,1970-01-01 00:00:00,{},{}
defaultItemWeaponStatisticId,2025-03-18 11:04:25.832,1970-01-01 00:00:00,{},{}
defaultItemSpecialCrystalBStatisticId,2025-03-18 11:04:31.985,1970-01-01 00:00:00,{},{}
defaultItemArmorCrystalAStatisticId,2025-03-18 11:04:37.337,1970-01-01 00:00:00,{},{}
defaultItemArmorCrystalBStatisticId,2025-03-18 11:04:42.423,1970-01-01 00:00:00,{},{}
defaultSkillStatisticId,2025-03-18 11:04:47.904,1970-01-01 00:00:00,{},{}
defaultMobStatisticId,2025-03-18 11:04:50.224,1970-01-01 00:00:00,{},{}
defaultItemMaterialMetalStatisticId,2025-03-18 11:05:13.268,1970-01-01 00:00:00,{},{}
defaultItemOptionCrystalAStatisticId,2025-03-18 11:06:16.186,1970-01-01 00:00:00,{},{}
defaultIteamArmorStatisticId,2025-03-18 11:29:34.807,1970-01-01 00:00:00,{},{}
defaultItemConsumableStatisticId,2025-03-18 11:29:44.14,1970-01-01 00:00:00,{},{}
hxw1rwyww2egat1k64amw7aj,2025-04-28 11:26:32.443,2025-04-28 11:26:32.443,{},{}
qv9ex7c7oieqplin7jmqu2hf,2025-04-28 11:26:32.536,2025-04-28 11:26:32.536,{},{}
bcsbx4sl5or2vt89doq69dd3,2025-04-28 11:26:32.543,2025-04-28 11:26:32.543,{},{}
aqt8dcu5lv0qk6pe8d1ktty5,2025-04-28 11:26:32.551,2025-04-28 11:26:32.551,{},{}
b2chwopbefbchahj0i4xzcda,2025-04-28 11:26:32.558,2025-04-28 11:26:32.558,{},{}
asb15wdeotjf230b9ezeqc4a,2025-04-28 11:26:32.566,2025-04-28 11:26:32.566,{},{}
tlovnpfeu04rwx532koixr8x,2025-04-28 11:26:32.572,2025-04-28 11:26:32.572,{},{}
robz24x8jqk48kh1f2qhraj3,2025-04-28 11:26:32.579,2025-04-28 11:26:32.579,{},{}
j6wbkdcrq4qj4uebd37vyq3v,2025-04-28 11:26:32.587,2025-04-28 11:26:32.587,{},{}
reb3enokynx0x8arvdmvn2mo,2025-04-28 11:26:32.592,2025-04-28 11:26:32.592,{},{}
f02a66d7i2ksi1admj5rg5bv,2025-04-28 11:26:32.598,2025-04-28 11:26:32.598,{},{}
zcuv6itx97bfkg4231snowdu,2025-04-28 11:26:32.603,2025-04-28 11:26:32.603,{},{}
iwlz43e1ekvtyjf7m1xgx67f,2025-04-28 11:26:32.609,2025-04-28 11:26:32.609,{},{}
fyp0s426udwn9yknz5ziosdi,2025-04-28 11:26:32.614,2025-04-28 11:26:32.614,{},{}
a3v8e9i3sao8vi0u8o5eorv5,2025-04-28 11:26:32.619,2025-04-28 11:26:32.619,{},{}
gzuvi07y0bgg5vqm1jaf41hl,2025-04-28 11:26:32.626,2025-04-28 11:26:32.626,{},{}
ujkvka1ph98gi8cqm2vnk8if,2025-04-28 11:26:32.632,2025-04-28 11:26:32.632,{},{}
qjmhwil76fu8jjmjs8hw2zua,2025-04-28 11:26:32.637,2025-04-28 11:26:32.637,{},{}
vg5s516elgwpcyfffqq1dekr,2025-04-28 11:26:32.642,2025-04-28 11:26:32.642,{},{}
c5jvh29vbc5ygk8r8plq8a9n,2025-04-28 11:26:32.647,2025-04-28 11:26:32.647,{},{}
rz4bzwm3129bptyovd80epqv,2025-04-28 11:26:32.652,2025-04-28 11:26:32.652,{},{}
n7d17yln5ndqc8cibaxze91f,2025-04-28 11:26:32.656,2025-04-28 11:26:32.656,{},{}
dv5gm44u4usf5ziyldxtog3t,2025-04-28 11:26:32.661,2025-04-28 11:26:32.661,{},{}
y9tcnyco8yqux9u9kzfk26rk,2025-04-28 11:26:32.666,2025-04-28 11:26:32.666,{},{}
qwfzsomb9w3o3yszecv6zmpx,2025-04-28 11:26:32.67,2025-04-28 11:26:32.67,{},{}
dqa4zyciesf8s7ziuhmzucpk,2025-04-28 11:26:32.677,2025-04-28 11:26:32.677,{},{}
s5w68wqtrl76vemjj9cwz95t,2025-04-28 11:26:32.683,2025-04-28 11:26:32.683,{},{}
xs21dar953j8ee3dcruewh4e,2025-04-28 11:26:32.688,2025-04-28 11:26:32.688,{},{}
xyy0t9570ntgvy8vhlnkxsu8,2025-04-28 11:26:32.693,2025-04-28 11:26:32.693,{},{}
dd1zka3lssairv3z9nzzeyg3,2025-04-28 11:26:32.698,2025-04-28 11:26:32.698,{},{}
ye1icgufz6qixrndw70hqan9,2025-04-28 11:26:32.702,2025-04-28 11:26:32.702,{},{}
hxo8py9z9pznjc6e72kcqgmj,2025-04-28 11:26:32.707,2025-04-28 11:26:32.707,{},{}
ig6elirpfvwlpx8w5mb2mvom,2025-04-28 11:26:32.713,2025-04-28 11:26:32.713,{},{}
h8mr8lf4bs5b8mteccepgaal,2025-04-28 11:26:32.719,2025-04-28 11:26:32.719,{},{}
fuhu2k1kzatdlc61ub438tz1,2025-04-28 11:26:32.725,2025-04-28 11:26:32.725,{},{}
pmnbg0vq8eqao8jcgl5m0nhz,2025-04-28 11:26:32.73,2025-04-28 11:26:32.73,{},{}
slgggmkiuegpt6378ansp9ld,2025-04-28 11:26:32.735,2025-04-28 11:26:32.735,{},{}
riczfc9i4pbnbt92gr7vci3v,2025-04-28 11:26:32.74,2025-04-28 11:26:32.74,{},{}
gcyx71o7ujcw8qep6cjcp0y5,2025-04-28 11:26:32.745,2025-04-28 11:26:32.745,{},{}
ovkufl35bjjt5i0q68qc5y7x,2025-04-28 11:26:32.75,2025-04-28 11:26:32.75,{},{}
k7h4v3p69bv4um9wzrhngstm,2025-04-28 11:26:32.754,2025-04-28 11:26:32.754,{},{}
ut2ftiua11jh1ekqnc0uuhjw,2025-04-28 11:26:32.758,2025-04-28 11:26:32.758,{},{}
qczmqfby22711xss21xi6edn,2025-04-28 11:26:32.763,2025-04-28 11:26:32.763,{},{}
g4wky7x3t25m6zxukojv77r7,2025-04-28 11:26:32.768,2025-04-28 11:26:32.768,{},{}
glp1v03v6pmq396k8bwizwjt,2025-04-28 11:26:32.775,2025-04-28 11:26:32.775,{},{}
fajacq2ojw452dznuna6q07k,2025-04-28 11:26:32.781,2025-04-28 11:26:32.781,{},{}
fh5va5mo6xwf4uqx9gwt0rcu,2025-04-28 11:26:32.785,2025-04-28 11:26:32.785,{},{}
n9397kgst7yav66urd3rw3t2,2025-04-28 11:26:32.789,2025-04-28 11:26:32.789,{},{}
bgz7mdyyf2gn2tfrx1htdhl7,2025-04-28 11:26:32.795,2025-04-28 11:26:32.795,{},{}
laxebqx6aw1og3aohr5me52e,2025-04-28 11:26:32.8,2025-04-28 11:26:32.8,{},{}
tgdtbreoalaahffbmhezvw3j,2025-04-28 11:26:32.804,2025-04-28 11:26:32.804,{},{}
robgij82f07uiw1clr969fli,2025-04-28 11:26:32.814,2025-04-28 11:26:32.814,{},{}
mpub59a6iq37xpvrqz3hlfbf,2025-04-28 11:26:32.818,2025-04-28 11:26:32.818,{},{}
r0lrezad9q4nvqx7x728njpy,2025-04-28 11:26:32.825,2025-04-28 11:26:32.825,{},{}
gpnze2j0tyc54ugls058i8hj,2025-04-28 11:26:32.831,2025-04-28 11:26:32.831,{},{}
bka7eyuyofxeokmubr5ws2ij,2025-04-28 11:26:32.836,2025-04-28 11:26:32.836,{},{}
mt9zfrizpwnqopaduv0bf1v4,2025-04-28 11:26:32.841,2025-04-28 11:26:32.841,{},{}
sv0nj41baxku5z4rc5ot4rls,2025-04-28 11:26:32.848,2025-04-28 11:26:32.848,{},{}
on8wojkorck4wlpth28o491v,2025-04-28 11:26:32.853,2025-04-28 11:26:32.853,{},{}
thrbbiqjp8rk76nw6yycjzqp,2025-04-28 11:26:32.859,2025-04-28 11:26:32.859,{},{}
pu2wmr75rcyjv3o2j60tswaq,2025-04-28 11:26:32.865,2025-04-28 11:26:32.865,{},{}
jpfip2xfzs52w2xc4gx6gfpt,2025-04-28 11:26:32.871,2025-04-28 11:26:32.871,{},{}
dpw311lh4q0mr0fbr7wzr6o0,2025-04-28 11:26:32.879,2025-04-28 11:26:32.879,{},{}
g565m9yso6ot4qbpnxbonjnm,2025-04-28 11:26:32.884,2025-04-28 11:26:32.884,{},{}
atotkirg6coulxix107lmpbi,2025-04-28 11:26:32.889,2025-04-28 11:26:32.889,{},{}
makxnggxdat0025m6ncecw7m,2025-04-28 11:26:32.894,2025-04-28 11:26:32.894,{},{}
td85elds5pghcbr6lzayyvvg,2025-04-28 11:26:32.899,2025-04-28 11:26:32.899,{},{}
q5qdfvvz7z0mp3qukwrurlny,2025-04-28 11:26:32.904,2025-04-28 11:26:32.904,{},{}
n1fzfft55qrznmv0637aqz58,2025-04-28 11:26:32.91,2025-04-28 11:26:32.91,{},{}
cdzs0wn2az7atgfiiso6kwav,2025-04-28 11:26:32.916,2025-04-28 11:26:32.916,{},{}
kms6ay5hlywcxhn50lugoewt,2025-04-28 11:26:32.921,2025-04-28 11:26:32.921,{},{}
h5214qy4zbcsovj4i01zhg05,2025-04-28 11:26:32.93,2025-04-28 11:26:32.93,{},{}
plc28vfypvf7vhj88dnp84ny,2025-04-28 11:26:32.934,2025-04-28 11:26:32.934,{},{}
lt6a69u9k2qbvc6bimk6fdsy,2025-04-28 11:26:32.939,2025-04-28 11:26:32.939,{},{}
h6itiu1ax4exumbtn678rizi,2025-04-28 11:26:32.945,2025-04-28 11:26:32.945,{},{}
cz19yndrgprg8buo4l93d3hk,2025-04-28 11:26:32.95,2025-04-28 11:26:32.95,{},{}
cu29heh1hif6x8ryqg4h7ica,2025-04-28 11:26:32.955,2025-04-28 11:26:32.955,{},{}
b4bmy82a4azinld0ecby4lzl,2025-04-28 11:26:32.961,2025-04-28 11:26:32.961,{},{}
nde01xudb2xdz82qe7mzlsta,2025-04-28 11:26:32.968,2025-04-28 11:26:32.968,{},{}
id73g5gd9b4s8w3csu5dava4,2025-04-28 11:26:32.974,2025-04-28 11:26:32.974,{},{}
j11j9z2mcmpg8dyydmrcvd5z,2025-04-28 11:26:32.98,2025-04-28 11:26:32.98,{},{}
gs13v6kgqhj0gn11omiq58hy,2025-04-28 11:26:32.987,2025-04-28 11:26:32.987,{},{}
fmub3qnr9mvgnxta66irfemy,2025-04-28 11:26:32.991,2025-04-28 11:26:32.991,{},{}
byks07yoob3dvw7fbxfc3io9,2025-04-28 11:26:32.997,2025-04-28 11:26:32.997,{},{}
xt17zpha8rx1dbxu0dlcldlx,2025-05-19 08:41:38.616,2025-05-19 08:41:38.616,{},{}
mnw3w3mkiq6m3s1rqcrop25h,2025-05-19 08:51:23.598,2025-05-19 08:51:23.598,{},{}
crbrt983xjaajflvgtkg6e2e,2025-05-19 08:55:15.702,2025-05-19 08:55:15.702,{},{}
iat2r13yyz93p4f7z62do5i6,2025-05-19 08:55:39.451,2025-05-19 08:55:39.451,{},{}
iyb5649ksqwmeigsq59nftjm,2025-05-19 08:56:20.695,2025-05-19 08:56:20.695,{},{}
x8x6lo1znch6wq8vr0s0xj5h,2025-05-19 08:57:25.17,2025-05-19 08:57:25.17,{},{}
ew2lzevjtuiuvub40g551xqa,2025-05-19 09:24:41.021,2025-05-19 09:24:41.021,{},{}
qgbhv9g9xe4ssn1v7zc9osnt,2025-05-19 09:25:07.695,2025-05-19 09:25:07.695,{},{}
g2gbltvlfu8nmr2407nrnn8m,2025-05-19 09:27:56.41,2025-05-19 09:27:56.41,{},{}
qli42dwt7ostw2y5yly62sp1,2025-05-19 09:32:53.57,2025-05-19 09:32:53.57,{},{}
wrkrb07yqbibjbupy9ozjf4d,2025-05-19 09:36:24.392,2025-05-19 09:36:24.392,{},{}
pdngihrr10wugjykss87njmr,2025-05-19 09:37:27.929,2025-05-19 09:37:27.929,{},{}
o002iq6snlcc4386a7rprspq,2025-05-19 09:42:13.251,2025-05-19 09:42:13.251,{},{}
zoakg83guzthcln7wrh1f2r6,2025-05-19 09:44:43.501,2025-05-19 09:44:43.501,{},{}
aaa1v01cd8gnzwjj61vlpvgl,2025-05-19 09:45:29.984,2025-05-19 09:45:29.984,{},{}
bcoq1sk6slnta4696rjw245y,2025-05-19 09:53:05.032,2025-05-19 09:53:05.032,{},{}
jsex0ofo2t3qz5j9th92mbu2,2025-05-19 10:17:19.004,2025-05-19 10:17:19.004,{},{}
ix7rtel6ixwk8lffvbbj5xw4,2025-05-19 10:18:09.453,2025-05-19 10:18:09.453,{},{}
y21bhfkr2tz49gf68cpuj7hx,2025-05-19 10:21:43.56,2025-05-19 10:21:43.56,{},{}
cez8f69v6sfa36a0dgan4oas,2025-05-19 10:24:30.631,2025-05-19 10:24:30.631,{},{}
fsimno55doyrmm45z41sie89,2025-05-19 10:28:27.714,2025-05-19 10:28:27.714,{},{}
xg995d8wcbufjkhk3lh8njn4,2025-05-19 10:52:16.066,2025-05-19 10:52:16.066,{},{}
x7otnhn14bm5gtk0jimiug7x,2025-05-20 10:09:50.799,2025-05-20 10:09:50.799,{},{}
am304na9psj73697dfqp3hdd,2025-05-20 10:09:50.844,2025-05-20 10:09:50.844,{},{}
zogdhwh4ysuopzxqtu6iv2ea,2025-05-20 10:22:51.435,2025-05-20 10:22:51.435,{},{}
gu2ymmng49nzwosqfm93dwkp,2025-05-20 10:23:55.681,2025-05-20 10:23:55.681,{},{}
rz35x5bb61rb6grvkf6ee60o,2025-05-20 10:23:55.702,2025-05-20 10:23:55.702,{},{}
nvzobb4jp0vicekgrvfqlkbm,2025-05-20 10:24:35.012,2025-05-20 10:24:35.012,{},{}
gxri7uv3ajuqwo2ooxbptjdz,2025-05-20 10:24:35.028,2025-05-20 10:24:35.028,{},{}
wrrxkwmn1qvhzbx9hum2ph07,2025-05-20 10:25:00.643,2025-05-20 10:25:00.643,{},{}
r7z46h84eebimqimaztc0ne3,2025-05-20 10:25:00.657,2025-05-20 10:25:00.657,{},{}
kkdgf2qoixhegbyucu77i5r1,2025-05-20 10:26:01.284,2025-05-20 10:26:01.284,{},{}
qz4wyquozbew9syxt7glx41k,2025-05-20 10:26:01.302,2025-05-20 10:26:01.302,{},{}
mp0ay3gs1s4ywfw0zbfnadl7,2025-05-20 10:28:13.423,2025-05-20 10:28:13.423,{},{}
xujc16u36ob2hypuy8pkymob,2025-05-20 10:28:13.449,2025-05-20 10:28:13.449,{},{}
ds60kph3y23rpf5mvhlsbjty,2025-05-20 10:30:13.749,2025-05-20 10:30:13.749,{},{}
gw55bdif5a2anq2756ldrhm6,2025-06-30 06:20:54.506,2025-06-30 06:20:54.506,{},{}
cqk8vy246p6pvcl2246qy6hd,2025-06-30 06:20:54.55,2025-06-30 06:20:54.55,{},{}
MagicCannonStatisticId,2025-11-26 03:17:24,2025-11-26 03:17:24,{},{}
nsfd57k5akz1lio3h8kzvekv,2026-05-08 02:13:25.424,2026-05-08 02:13:25.424,{},{}
sbsy7z68mwbe82za6gyjp0w0,2026-05-08 02:13:25.424,2026-05-08 02:13:25.424,{},{}
mghp6sowe6ij6xyac5z7y0jn,2026-05-08 02:13:25.424,2026-05-08 02:13:25.424,{},{}
z7blghuxpgkdv8zp1r5dfsr8,2026-05-08 02:13:25.424,2026-05-08 02:13:25.424,{},{}
z0kijiouwk1tg62ejxa5imh7,2026-05-08 02:13:25.424,2026-05-08 02:13:25.424,{},{}
aqrliwetu22b7y3etqslitqh,2026-05-08 02:13:25.424,2026-05-08 02:13:25.424,{},{}
ybvpv47pijhz634ukhmyzvqm,2026-05-08 02:13:25.424,2026-05-08 02:13:25.424,{},{}
hzkvl3kjj0t3n3av3pse7jcb,2026-05-08 02:21:06.463,2026-05-08 02:21:06.463,{},{}
u1jy7tfij13y4pbkelylhxug,2026-05-08 02:21:06.463,2026-05-08 02:21:06.463,{},{}
e0ch0egxts8hpmdpe2mostww,2026-05-08 02:21:06.463,2026-05-08 02:21:06.463,{},{}
qloum5c8aq84b575bjozg4cz,2026-05-08 02:21:06.463,2026-05-08 02:21:06.463,{},{}
ikhezhma4lz7j4z8lqotj0lk,2026-05-08 02:24:14.903,2026-05-08 02:24:14.903,{},{}
qnx3y1lvfigtrdfgkkbdb8c5,2026-05-08 02:24:14.903,2026-05-08 02:24:14.903,{},{}
d4juqnc6tluss1p93hgxr8n2,2026-05-08 02:29:49.276,2026-05-08 02:29:49.276,{},{}
j3j4gtmj8gsgc4yv55e3qk79,2026-05-08 02:33:29.05,2026-05-08 02:33:29.05,{},{}
l58jutczzghxx4oibwq7weei,2026-05-08 02:33:29.05,2026-05-08 02:33:29.05,{},{}
bafjvaab8yc4bqy75dozgsrw,2026-05-08 02:33:29.05,2026-05-08 02:33:29.05,{},{}
v1zk2wcsyjmg1v52o8brro2j,2026-05-08 02:33:29.05,2026-05-08 02:33:29.05,{},{}
fy6jgyi1598e3q1wwi8t8bib,2026-05-08 02:33:29.05,2026-05-08 02:33:29.05,{},{}
d733ysmpr34fz83wfa0x4hdz,2026-05-08 02:33:29.05,2026-05-08 02:33:29.05,{},{}
avryncxdqynw8443sc3lmvop,2026-05-08 02:33:29.05,2026-05-08 02:33:29.05,{},{}
h0i81l4rk6ps0ft3rgd249c2,2026-05-08 02:33:29.05,2026-05-08 02:33:29.05,{},{}
gz65p5mpbn99zfbvi3y21ocs,2026-05-08 02:33:29.05,2026-05-08 02:33:29.05,{},{}
bghcqqd88b7hznwnq7oi6z7z,2026-05-08 02:41:09.485,2026-05-08 02:41:09.485,{},{}
jcuykl7hana16nho87dyqbcf,2026-05-08 02:41:09.485,2026-05-08 02:41:09.485,{},{}
nslqv1slyb64gp2jzc86wrmq,2026-05-15 10:28:05.889,2026-05-15 10:28:05.889,{},{}
ti7j367f06y2bap5xgkfp68v,2026-05-15 10:28:05.889,2026-05-15 10:28:05.889,{},{}
kkb9egkmpezcnp8scwpuvnqw,2026-05-15 10:28:05.889,2026-05-15 10:28:05.889,{},{}
fvse1quqna1qxqy3iawueoyb,2026-05-15 10:28:05.889,2026-05-15 10:28:05.889,{},{}
vmgpncr3hlh59nknufmd82n3,2026-05-15 10:28:05.889,2026-05-15 10:28:05.889,{},{}
e8jopivgqt9kvk589knv8qtb,2026-05-15 10:28:05.889,2026-05-15 10:28:05.889,{},{}
i530wohdnbhh1g310xs7394z,2026-05-15 10:28:05.889,2026-05-15 10:28:05.889,{},{}
pdrbqsnpl3zswcepg2t63qxx,2026-05-15 10:28:05.889,2026-05-15 10:28:05.889,{},{}
qsgjxu471uf3jf2t2kr58q5x,2026-05-15 10:28:05.889,2026-05-15 10:28:05.889,{},{}
y4gwg62t1gb25p0sgs5tqvrm,2026-05-15 10:28:05.889,2026-05-15 10:28:05.889,{},{}
f3k2f37knprs6e2wn0fmrkff,2026-05-15 10:28:05.889,2026-05-15 10:28:05.889,{},{}
mgc6v4qrzufzoun75m3mo0l3,2026-05-15 10:28:05.889,2026-05-15 10:28:05.889,{},{}
lrl4a5kdx8pzi1eum4jutd74,2026-05-15 10:28:05.889,2026-05-15 10:28:05.889,{},{}
fl81c0bqsfg9qpe2oehys22s,2026-05-15 10:28:05.889,2026-05-15 10:28:05.889,{},{}
d4ukj68iktprhmdmvtr25ld9,2026-05-15 10:28:05.889,2026-05-15 10:28:05.889,{},{}
zuxkwt2ihu216wrhz8fswx0s,2026-05-15 10:28:05.889,2026-05-15 10:28:05.889,{},{}
wjujapu5h8y7blgeo1tqe1fx,2026-05-15 10:28:05.889,2026-05-15 10:28:05.889,{},{}
hzdkug6c83ncfz849zap9yyr,2026-05-15 10:28:05.889,2026-05-15 10:28:05.889,{},{}
vf3jxzkweceo3zp64hoqruwt,2026-05-15 10:28:05.889,2026-05-15 10:28:05.889,{},{}
b44ua60oq8jst154cr14suxv,2026-05-15 10:28:05.889,2026-05-15 10:28:05.889,{},{}
jjo20qlonfiuko00fucuh1s9,2026-05-15 10:28:05.889,2026-05-15 10:28:05.889,{},{}
nvfrgna3vtxesj56b6bf8kds,2026-05-15 10:28:05.889,2026-05-15 10:28:05.889,{},{}
cuk6lyjwgyc7s3mzf60uxid6,2026-05-15 10:28:05.889,2026-05-15 10:28:05.889,{},{}
uukxa04hn4qm00mrwv9dghhr,2026-05-15 10:28:05.889,2026-05-15 10:28:05.889,{},{}
swzmfdx3lujjgud2i4mb9kun,2026-05-15 10:28:05.889,2026-05-15 10:28:05.889,{},{}
e2zveoi9g1avrswx88bhpz42,2026-05-15 10:28:05.889,2026-05-15 10:28:05.889,{},{}
aq981w4h17ku36kxxpthydi7,2026-05-15 10:28:05.889,2026-05-15 10:28:05.889,{},{}
qvk5qr4zv59j1n0ka3dsawsh,2026-05-15 10:28:05.889,2026-05-15 10:28:05.889,{},{}
ycybcb1awba2ty1cw8h428uq,2026-05-15 10:28:05.889,2026-05-15 10:28:05.889,{},{}
q43ezk1jjzop21dui2ptzb4v,2026-05-15 10:28:05.889,2026-05-15 10:28:05.889,{},{}
olif0em05urptaglppzlj7f2,2026-05-15 10:28:05.889,2026-05-15 10:28:05.889,{},{}
a4ypdo8mp8frozz6doub2vty,2026-05-15 10:28:05.889,2026-05-15 10:28:05.889,{},{}
ybe5fu77cv55fzq1vgc2471u,2026-05-15 10:28:05.889,2026-05-15 10:28:05.889,{},{}
n3yxax4r41veo1kkzs02gwnx,2026-05-15 10:28:05.889,2026-05-15 10:28:05.889,{},{}
dz01wtsbi41t32m19wml48w8,2026-05-15 10:28:05.889,2026-05-15 10:28:05.889,{},{}
fhvs2kf1v7ardk5emoywsw5g,2026-05-15 10:28:05.889,2026-05-15 10:28:05.889,{},{}
wrfc83200bgesjtb14cvwti5,2026-05-15 10:28:05.889,2026-05-15 10:28:05.889,{},{}
qvdc2e2wkg7f2ggkx75nyhqu,2026-05-15 10:28:05.889,2026-05-15 10:28:05.889,{},{}
fl8wj2p6xecdry6b4gpawz6d,2026-05-15 10:28:05.889,2026-05-15 10:28:05.889,{},{}
r8gygkffbvogsfspu6ccp1pb,2026-05-15 10:28:05.889,2026-05-15 10:28:05.889,{},{}
ixtti2q5jpm31ac9m7d6vl0i,2026-05-15 10:28:05.889,2026-05-15 10:28:05.889,{},{}
lpbeez7mm1zpctbehik05awu,2026-05-15 10:28:05.889,2026-05-15 10:28:05.889,{},{}
qkolsccn5yj5f3uyndhdxu67,2026-05-15 10:28:05.889,2026-05-15 10:28:05.889,{},{}
rvl1p57beru1o291f426rklv,2026-05-15 10:28:05.889,2026-05-15 10:28:05.889,{},{}
drce8l34w4110md4lifdzf9p,2026-05-15 10:28:05.889,2026-05-15 10:28:05.889,{},{}
nc5kpm0j4j4hfiouqout2rbe,2026-05-15 10:28:05.889,2026-05-15 10:28:05.889,{},{}
umycc8qjqfgqqux6ihlskuvx,2026-05-15 10:28:05.889,2026-05-15 10:28:05.889,{},{}
nrl9517vcm66n5oveyg82e6j,2026-05-15 10:28:05.889,2026-05-15 10:28:05.889,{},{}
uxbph38qcv0oi28midanyizm,2026-05-15 10:28:05.889,2026-05-15 10:28:05.889,{},{}
sa6nd9tzya6unyxsixfhvxdw,2026-05-15 10:28:05.889,2026-05-15 10:28:05.889,{},{}
o1ysbav6ju22dkqirnbasft1,2026-05-15 10:28:05.889,2026-05-15 10:28:05.889,{},{}
naebmbxlaq4u1ohq5y5hkqm6,2026-05-15 10:28:05.889,2026-05-15 10:28:05.889,{},{}
wn7kgoqi8g438p3w1slzvuwd,2026-05-15 10:28:05.889,2026-05-15 10:28:05.889,{},{}
gh7x8nc66ivo1y62gr3vtrwi,2026-05-15 10:28:05.889,2026-05-15 10:28:05.889,{},{}
ya3zxc75z10k0exhh1zwpor7,2026-05-15 10:28:05.889,2026-05-15 10:28:05.889,{},{}
h88tlr8te2cqqzwagzxtyv3o,2026-05-15 10:28:05.889,2026-05-15 10:28:05.889,{},{}
ibx42guy8f8vt8nvuawkrmtn,2026-05-15 10:28:05.889,2026-05-15 10:28:05.889,{},{}
hx7q3p2h4rjygxsz24x2u5v3,2026-05-15 10:28:05.889,2026-05-15 10:28:05.889,{},{}
hcgcj8hjxyn6qiyyo9lh3cw9,2026-05-15 10:28:05.889,2026-05-15 10:28:05.889,{},{}
hteq8rlpo79dugsvv9pe7vxj,2026-05-15 10:28:05.889,2026-05-15 10:28:05.889,{},{}
svgnm4qxfspzl3tdfpvqbm34,2026-05-15 10:28:05.889,2026-05-15 10:28:05.889,{},{}
v6xyylelp350wnjayezaf8a6,2026-05-15 10:28:05.889,2026-05-15 10:28:05.889,{},{}
wk6pgye721pcmmnmxadwwyxw,2026-05-15 10:28:05.889,2026-05-15 10:28:05.889,{},{}
fnpvuiylm1p0ss23tmbuguth,2026-05-15 10:28:05.889,2026-05-15 10:28:05.889,{},{}
m5xyt8t0yy4shksbdpaiwguv,2026-05-15 10:28:05.889,2026-05-15 10:28:05.889,{},{}
ntr59lxwmgm30ashk6sohocj,2026-05-15 10:28:05.889,2026-05-15 10:28:05.889,{},{}
mnhdz6mkwfgpwzh4vyh13tdj,2026-05-15 10:28:05.889,2026-05-15 10:28:05.889,{},{}
ecg4saqehkmk46hvi853lwui,2026-05-15 10:28:05.889,2026-05-15 10:28:05.889,{},{}
fng6si4v43d45henvvw2btoh,2026-05-15 10:28:05.889,2026-05-15 10:28:05.889,{},{}
hl88m4vu3ziift1hu1tk1xun,2026-05-15 10:28:05.889,2026-05-15 10:28:05.889,{},{}
bvna4txtqknfe921cjselfpm,2026-05-15 10:28:05.889,2026-05-15 10:28:05.889,{},{}
b0atwomr34fop442tfup8ws0,2026-05-15 10:28:05.889,2026-05-15 10:28:05.889,{},{}
f3dgzt9evph3x9r1y7j3myew,2026-05-15 10:28:05.889,2026-05-15 10:28:05.889,{},{}
ux0vc4jdl4gjsc0erpo124c9,2026-05-15 10:28:05.889,2026-05-15 10:28:05.889,{},{}
t3urk4i1r3esi2klikzeovt4,2026-05-15 10:28:05.889,2026-05-15 10:28:05.889,{},{}
dqqc3z0362zm1hyepy79f8ba,2026-05-15 10:28:05.889,2026-05-15 10:28:05.889,{},{}
ur3sgedb5esf09k2s47min9h,2026-05-15 10:28:05.889,2026-05-15 10:28:05.889,{},{}
zqecscjf52dl9k9n2ye1xp9f,2026-05-15 10:28:05.889,2026-05-15 10:28:05.889,{},{}
pg2p2wj7612odseu1hue0tbm,2026-05-15 10:28:05.889,2026-05-15 10:28:05.889,{},{}
hbdmob0d3z0e5r1zqz7ym66j,2026-05-15 10:28:05.889,2026-05-15 10:28:05.889,{},{}
cb6lt8n872sas4oq1519uako,2026-05-15 10:28:05.889,2026-05-15 10:28:05.889,{},{}
zm1qlet7zydq6a909ujngi4a,2026-05-15 10:28:05.889,2026-05-15 10:28:05.889,{},{}
sw8fwz3cl63080jbqndxdheb,2026-05-15 10:28:05.889,2026-05-15 10:28:05.889,{},{}
cxr7t4vokppfx1jnbatayn62,2026-05-15 10:28:05.889,2026-05-15 10:28:05.889,{},{}
up3oc2byqrgdv9sh8l4773ik,2026-05-15 10:28:05.889,2026-05-15 10:28:05.889,{},{}
ngxew0ud1l9bia5qkeowmxrs,2026-05-15 10:28:05.889,2026-05-15 10:28:05.889,{},{}
iiiphdeiym5cfr4l90suu2bu,2026-05-15 10:28:05.889,2026-05-15 10:28:05.889,{},{}
xqbgytzz67gmap9nl03yy52e,2026-05-15 10:28:05.889,2026-05-15 10:28:05.889,{},{}
czwg4zwzvrvbdayur078fmw8,2026-05-15 10:28:05.889,2026-05-15 10:28:05.889,{},{}
c7bo8qb1srif254vrb1n3vwv,2026-05-15 10:28:05.889,2026-05-15 10:28:05.889,{},{}
hnlsn53ui59cf781o3cwp9oj,2026-05-15 10:28:05.889,2026-05-15 10:28:05.889,{},{}
uuuef4kp9wbdy2udf3n2etqe,2026-05-15 10:28:05.889,2026-05-15 10:28:05.889,{},{}
z2h8uqjvr9wvjvn0c3nvsty8,2026-05-15 10:28:05.889,2026-05-15 10:28:05.889,{},{}
d40gaiav0drlqb0kcrvpcw9q,2026-05-15 10:28:05.889,2026-05-15 10:28:05.889,{},{}
q2bfbf34nijm7gdp0q4otsjt,2026-05-15 10:28:05.889,2026-05-15 10:28:05.889,{},{}
wczl4qdax7f6wx97fa4ru2ib,2026-05-15 10:28:05.889,2026-05-15 10:28:05.889,{},{}
i0td2n0fr80fzax4wgc7kidf,2026-05-15 10:28:05.889,2026-05-15 10:28:05.889,{},{}
fpicwyhnrdwp7xvixlstqhak,2026-05-15 10:28:05.889,2026-05-15 10:28:05.889,{},{}
nqvvvqvwvxg0kluldz6i0o9b,2026-05-15 10:28:05.889,2026-05-15 10:28:05.889,{},{}
kvi4hrarj0646hbt1d1fk1ea,2026-05-15 10:28:05.889,2026-05-15 10:28:05.889,{},{}
i5kdfv1hwx01cw33mtcp3q75,2026-05-15 10:28:05.889,2026-05-15 10:28:05.889,{},{}
zjw5lj9eh8acbi7txehm3fv6,2026-05-15 10:28:05.889,2026-05-15 10:28:05.889,{},{}
aue1tu238uaqct1yqd2crggz,2026-05-15 10:28:05.889,2026-05-15 10:28:05.889,{},{}
mnsd1tikm1hnfpdq6siosymr,2026-05-15 10:28:05.889,2026-05-15 10:28:05.889,{},{}
tstux4esxcv3el7tjycnq1n1,2026-05-15 10:28:05.889,2026-05-15 10:28:05.889,{},{}
v710yuf36t1coexin5g0vjx4,2026-05-15 10:28:05.889,2026-05-15 10:28:05.889,{},{}
agkwyrpx6mglbyvvknignaf8,2026-05-15 10:28:05.889,2026-05-15 10:28:05.889,{},{}
t804up37nug0dw02tg35ppcs,2026-05-15 10:28:05.889,2026-05-15 10:28:05.889,{},{}
im00nplymxp82ryn6xifewsv,2026-05-15 10:28:05.889,2026-05-15 10:28:05.889,{},{}
pgxwelri42dq38akkzj46x8w,2026-05-15 10:28:05.889,2026-05-15 10:28:05.889,{},{}
h2y6749ceim94w2ntw00bx61,2026-05-15 10:28:05.889,2026-05-15 10:28:05.889,{},{}
tu77h9p5qlaq70vdp5q8q7ge,2026-05-15 10:28:05.889,2026-05-15 10:28:05.889,{},{}
djs6xm6gfpkqvciy9gpznggg,2026-05-15 10:28:05.889,2026-05-15 10:28:05.889,{},{}
kgtenqjxdhonte7um8qfhqny,2026-05-15 10:28:05.889,2026-05-15 10:28:05.889,{},{}
pswwlewh1j8gq8kdlc9fi0tl,2026-05-15 10:28:05.889,2026-05-15 10:28:05.889,{},{}
zvxzbkouury3gp9kg2ja7m2a,2026-05-15 10:28:05.889,2026-05-15 10:28:05.889,{},{}
cb6cqj45igy6karcqjiqas40,2026-05-15 10:28:05.889,2026-05-15 10:28:05.889,{},{}
ssi8xmd7om7l1e64hrf54ghr,2026-05-15 10:28:05.889,2026-05-15 10:28:05.889,{},{}
ck4nm2cbousicelfya06uu89,2026-05-15 10:28:05.889,2026-05-15 10:28:05.889,{},{}
mziq8t1wf1urf08xjwppxt87,2026-05-15 10:28:05.889,2026-05-15 10:28:05.889,{},{}
p3o9re0ui1t5cyusaqp0ky5o,2026-05-15 10:28:05.889,2026-05-15 10:28:05.889,{},{}
mw0r1f4jtiqdrrczc785acuv,2026-05-15 10:28:05.889,2026-05-15 10:28:05.889,{},{}
f2cclwnznhr3p1dhjlq5ylmi,2026-05-15 10:28:05.889,2026-05-15 10:28:05.889,{},{}
jjvgetsbymkrhrxspdd39per,2026-05-15 10:28:05.889,2026-05-15 10:28:05.889,{},{}
josze5ldg0ksvfrloxawwmxb,2026-05-15 10:28:05.889,2026-05-15 10:28:05.889,{},{}
por2gddj5to94q25ldfdks4l,2026-05-15 10:28:05.889,2026-05-15 10:28:05.889,{},{}
zg7c3azdu3bylrvcm23xrqj7,2026-05-15 10:28:05.889,2026-05-15 10:28:05.889,{},{}
u51r59jov3i6xk2kzilg5cou,2026-05-15 10:28:05.889,2026-05-15 10:28:05.889,{},{}
mwitwba5t5crcpjrl1z2o7ha,2026-05-15 10:28:05.889,2026-05-15 10:28:05.889,{},{}
lj38k3at20sp8s5veee0b5zc,2026-05-15 10:28:05.889,2026-05-15 10:28:05.889,{},{}
xa0zsqziaim2fr7sx5fq9817,2026-05-15 10:28:05.889,2026-05-15 10:28:05.889,{},{}
rfs43vhq10ylc1cq8koxshgw,2026-05-15 10:28:05.889,2026-05-15 10:28:05.889,{},{}
g45ctieg0eq9u0r7xy7mn80z,2026-05-15 10:28:05.889,2026-05-15 10:28:05.889,{},{}
n96dbb9hit8rxgx6vf4xg4gy,2026-05-15 10:28:05.889,2026-05-15 10:28:05.889,{},{}
e65ylnviqwcp04nrabtkozfb,2026-05-15 10:28:05.889,2026-05-15 10:28:05.889,{},{}
cf8hej05hcqeu33uumbc7r19,2026-05-15 10:28:05.889,2026-05-15 10:28:05.889,{},{}
feoza42ldrefinti8btn4nbk,2026-05-15 10:28:05.889,2026-05-15 10:28:05.889,{},{}
kdru3r34vsnke2h7kmwp2r2k,2026-05-15 10:28:05.889,2026-05-15 10:28:05.889,{},{}
spyjecntvqqxfqcp95uhgpx7,2026-05-15 10:28:05.889,2026-05-15 10:28:05.889,{},{}
tcp9h6eehg0gxb6icv958hp3,2026-05-15 10:28:05.889,2026-05-15 10:28:05.889,{},{}
tqw9pnc9edcu1zv1zem02162,2026-05-15 10:28:05.889,2026-05-15 10:28:05.889,{},{}
runxg631ezqov29dh5lwuhau,2026-05-15 10:28:05.889,2026-05-15 10:28:05.889,{},{}
sx1ler4jg9emw3dxvvi5xnnz,2026-05-15 10:28:05.889,2026-05-15 10:28:05.889,{},{}
z0ot0aq00cm9u0i9c7g47dpy,2026-05-15 10:28:05.889,2026-05-15 10:28:05.889,{},{}
qsqqp8wanqxxtk51jypbi539,2026-05-15 10:28:05.889,2026-05-15 10:28:05.889,{},{}
rjsp9kxeghj4zxlvempa1gpy,2026-05-15 10:28:05.889,2026-05-15 10:28:05.889,{},{}
unld0eloi6t4g2mfupv1pp2j,2026-05-15 10:28:05.889,2026-05-15 10:28:05.889,{},{}
vmrao72dm2y26pqiqgc6ur7l,2026-05-15 10:28:05.889,2026-05-15 10:28:05.889,{},{}
wrtyln4lbi6gem1hwaysedj0,2026-05-15 10:28:05.889,2026-05-15 10:28:05.889,{},{}
zfy69blhwx6ggxek4cks44p8,2026-05-15 10:28:05.889,2026-05-15 10:28:05.889,{},{}
utbq7y60gu8hjlixup4ynu0e,2026-05-15 10:28:05.889,2026-05-15 10:28:05.889,{},{}
r44ligjdblsxh7gff2xkmy7k,2026-05-15 10:28:05.889,2026-05-15 10:28:05.889,{},{}
gfj3euwch9fpj5kw22pnnfdc,2026-05-15 10:28:05.889,2026-05-15 10:28:05.889,{},{}
glyzivaqfmdrwlti2w4w3786,2026-05-15 10:28:05.889,2026-05-15 10:28:05.889,{},{}
hs2h8qq2a1h4cakvmd4vmfri,2026-05-15 10:28:05.889,2026-05-15 10:28:05.889,{},{}
wzt6mkuk3fxhogv2ttie9nhh,2026-05-15 10:28:05.889,2026-05-15 10:28:05.889,{},{}
e8s6zxl0favlfpx9vh6jy5y7,2026-05-15 10:28:05.889,2026-05-15 10:28:05.889,{},{}
f9o21t7qle7g5j1zvfcdjlah,2026-05-15 10:28:05.889,2026-05-15 10:28:05.889,{},{}
bksd6j71a710sid90qg9tlu5,2026-05-15 10:28:05.889,2026-05-15 10:28:05.889,{},{}
n6xv845dc2mqlw1f3pknu489,2026-05-15 10:28:05.889,2026-05-15 10:28:05.889,{},{}
bc5pvzlcsot73dexgi559nc0,2026-05-15 10:28:05.889,2026-05-15 10:28:05.889,{},{}
ltosrk2siguaiwui2firr3m7,2026-05-15 10:28:05.889,2026-05-15 10:28:05.889,{},{}
en3upc1ie93290pxn4z1j0s8,2026-05-15 10:28:05.889,2026-05-15 10:28:05.889,{},{}
tlvpcveb23tovadil06a1ixb,2026-05-15 10:28:05.889,2026-05-15 10:28:05.889,{},{}
ms3ewnyx2z3xpapdr2pfj40t,2026-05-15 10:28:05.889,2026-05-15 10:28:05.889,{},{}
qgyps2y0270eqft7iyfxxilm,2026-05-15 10:28:05.889,2026-05-15 10:28:05.889,{},{}
qblj2e6lvk50wwkxv9pnyyq0,2026-05-15 10:28:05.889,2026-05-15 10:28:05.889,{},{}
q5y9dh4bh4n0khknwvfx90we,2026-05-15 10:28:05.889,2026-05-15 10:28:05.889,{},{}
y6l75i2c1e5ht8xf3c9ux27w,2026-05-15 10:28:05.889,2026-05-15 10:28:05.889,{},{}
la0elm0y45aoo2h6lv79k5cy,2026-05-15 10:28:05.889,2026-05-15 10:28:05.889,{},{}
ac8o4cxm3hm5jpllccgf73kf,2026-05-15 10:28:05.889,2026-05-15 10:28:05.889,{},{}
d4zyzur30denluwk6x7a1jag,2026-05-15 10:28:05.889,2026-05-15 10:28:05.889,{},{}
x7jg66bwdfrdn07mx5ffvqux,2026-05-15 10:28:05.889,2026-05-15 10:28:05.889,{},{}
urydynjd0ago2uqdqq32i3es,2026-05-15 10:28:05.889,2026-05-15 10:28:05.889,{},{}
xemnntb7ulwyacxttyo41tfn,2026-05-15 10:28:05.889,2026-05-15 10:28:05.889,{},{}
dg2c9r0tw5jahdvnpdl5kkhe,2026-05-15 10:28:05.889,2026-05-15 10:28:05.889,{},{}
w44whha7j2aouy0vpdkf6hdi,2026-05-15 10:28:05.889,2026-05-15 10:28:05.889,{},{}
p991tk5s8u9ysqr3b2zdvti9,2026-05-15 10:28:05.889,2026-05-15 10:28:05.889,{},{}
jujx2c29u9rt8xvefdpdvnkn,2026-05-15 10:28:05.889,2026-05-15 10:28:05.889,{},{}
me8a9z5dqsectyb16zc2580r,2026-05-15 10:28:05.889,2026-05-15 10:28:05.889,{},{}
uzzi1zkk241ij498bn55yz69,2026-05-15 10:28:05.889,2026-05-15 10:28:05.889,{},{}
wwm1etko07zwdepkv5fwbnf9,2026-05-15 10:28:05.889,2026-05-15 10:28:05.889,{},{}
mb3a0w73y2kr727e6ty53tuz,2026-05-15 10:28:05.889,2026-05-15 10:28:05.889,{},{}
p1xicw0kng753g1u1o89tefw,2026-05-15 10:28:05.889,2026-05-15 10:28:05.889,{},{}
qbkk7mofbsoqq7cdw6enyxqs,2026-05-15 10:28:05.889,2026-05-15 10:28:05.889,{},{}
b1el9g6s0p13qt4uohd9fjqd,2026-05-15 10:28:05.889,2026-05-15 10:28:05.889,{},{}
f52jyi5lkr5cap1a9z6j865r,2026-05-15 10:28:05.889,2026-05-15 10:28:05.889,{},{}
driandtypnisssw0iuieshij,2026-05-15 10:28:05.889,2026-05-15 10:28:05.889,{},{}
fc2sg5bh9vka5mymhzwf6tmi,2026-05-15 10:28:05.889,2026-05-15 10:28:05.889,{},{}
sinrij1ua56lwu7azuti8qco,2026-05-15 10:28:05.889,2026-05-15 10:28:05.889,{},{}
jlycmie5xhsxiy6dfg40c0jb,2026-05-15 10:28:05.889,2026-05-15 10:28:05.889,{},{}
i03vaknjhwa4q7u6ncmy82w8,2026-05-15 10:28:05.889,2026-05-15 10:28:05.889,{},{}
sia6utaynwbcbmkpkd2yycef,2026-05-15 10:28:05.889,2026-05-15 10:28:05.889,{},{}
tvmp88xz47qh8fd6sdg5qn9d,2026-05-15 10:28:05.889,2026-05-15 10:28:05.889,{},{}
rmpok5j8246l6zd0zje3yuc8,2026-05-15 10:28:05.889,2026-05-15 10:28:05.889,{},{}
w6emos7nkt8y9jch6zgl9of3,2026-05-15 10:28:05.889,2026-05-15 10:28:05.889,{},{}
e1h6eifojuw2w7giovk04s52,2026-05-15 10:28:05.889,2026-05-15 10:28:05.889,{},{}
pqy6u866baufkbguagmnhjqm,2026-05-15 10:28:05.889,2026-05-15 10:28:05.889,{},{}
eswwady1bseyr7sivyxu6rlg,2026-05-15 10:28:05.889,2026-05-15 10:28:05.889,{},{}
lcx56urp9lcc90cktlp3peit,2026-05-15 10:28:05.889,2026-05-15 10:28:05.889,{},{}
tgp0v4ls756gpjfz5vl2t1g3,2026-05-15 10:28:05.889,2026-05-15 10:28:05.889,{},{}
qh0vix1ivnyxi11jsywdh0v9,2026-05-15 10:28:05.889,2026-05-15 10:28:05.889,{},{}
hlucnjyyn172x2vwyzrwvw3p,2026-05-15 10:28:05.889,2026-05-15 10:28:05.889,{},{}
vubx3ibi55pjc5usvwm5z63u,2026-05-15 10:28:05.889,2026-05-15 10:28:05.889,{},{}
d58by1fdy3emf1d8pgnhysb0,2026-05-15 10:28:05.889,2026-05-15 10:28:05.889,{},{}
sfteldlijwfvoji9eiey2wjc,2026-05-15 10:28:05.889,2026-05-15 10:28:05.889,{},{}
t1yx2vn2bnocix9t0ydvnjfd,2026-05-15 10:28:05.889,2026-05-15 10:28:05.889,{},{}
joj0tbamula1epflo8g7863q,2026-05-15 10:28:05.889,2026-05-15 10:28:05.889,{},{}
s3c9wummyi8c9rtiqjiiiuiv,2026-05-15 10:28:05.889,2026-05-15 10:28:05.889,{},{}
fwg8s3ivkm7zio58mhsecr3w,2026-05-15 10:28:05.889,2026-05-15 10:28:05.889,{},{}
h4yxd39zvk3iizpfsf6vg6k0,2026-05-15 10:28:05.889,2026-05-15 10:28:05.889,{},{}
x5fv19m0hrw9lq70fl2fy0ae,2026-05-15 10:28:05.889,2026-05-15 10:28:05.889,{},{}
jaizckyeraqt616lyr2omm12,2026-05-15 10:28:05.889,2026-05-15 10:28:05.889,{},{}
mv74alb5gfwr1yn6tfugzzdb,2026-05-15 10:28:05.889,2026-05-15 10:28:05.889,{},{}
hdulcddwrqannmgptduyyij9,2026-05-15 10:28:05.889,2026-05-15 10:28:05.889,{},{}
i6xfg96sum9kcm9brffu4bsq,2026-05-15 10:28:05.889,2026-05-15 10:28:05.889,{},{}
ci6mczueg9s18xy7qu10cgu6,2026-05-15 10:28:05.889,2026-05-15 10:28:05.889,{},{}
zqxomdt343pq9pgbmonhqxy3,2026-05-15 10:28:05.889,2026-05-15 10:28:05.889,{},{}
s9uo2feej1nxtjucc9nom0lh,2026-05-15 10:28:05.889,2026-05-15 10:28:05.889,{},{}
viqkuxd2kdg0xua5bbtl3iyn,2026-05-15 10:28:05.889,2026-05-15 10:28:05.889,{},{}
lzw33d2rt8c2z7iagevpfej7,2026-05-15 10:28:05.889,2026-05-15 10:28:05.889,{},{}
rrg4pan996mcfk0hr3mf37lg,2026-05-15 10:28:05.889,2026-05-15 10:28:05.889,{},{}
rsjwmhxa53cbprjfkbw4lk0f,2026-05-15 10:28:05.889,2026-05-15 10:28:05.889,{},{}
sb9rv7n2xscyhu3vemxizke3,2026-05-15 10:28:05.889,2026-05-15 10:28:05.889,{},{}
vxygoy5t7fir6gvhmac535ug,2026-05-15 10:28:05.889,2026-05-15 10:28:05.889,{},{}
oxsr9li2uvhjjh163tzmnz1e,2026-05-15 10:28:05.889,2026-05-15 10:28:05.889,{},{}
f7nzo3ibmorj5alkhf9nrio1,2026-05-15 10:28:05.889,2026-05-15 10:28:05.889,{},{}
m9vh1hcsn2e4sswebbfyb16e,2026-05-15 10:28:05.889,2026-05-15 10:28:05.889,{},{}
jq9ae8vexi0fsayl6a0dzsr3,2026-05-15 10:28:05.889,2026-05-15 10:28:05.889,{},{}
u7vj85d8y44c2lv4txwlt012,2026-05-15 10:28:05.889,2026-05-15 10:28:05.889,{},{}
wemaho9o56e8wsthzcr4mmpx,2026-05-15 10:28:05.889,2026-05-15 10:28:05.889,{},{}
al0zwl6hflgj6240b5q1sdsb,2026-05-15 10:28:05.889,2026-05-15 10:28:05.889,{},{}
l8lhg6l5ur2aeil9w59m4dg7,2026-05-15 10:28:05.889,2026-05-15 10:28:05.889,{},{}
bv7eb1ri7jysx0cvyvvk9hnt,2026-05-15 10:28:05.889,2026-05-15 10:28:05.889,{},{}
dcik1t1hizm603cmajjijkoz,2026-05-15 10:28:05.889,2026-05-15 10:28:05.889,{},{}
vfb0nffuif9c2rmau9rhsjkj,2026-05-15 10:28:05.889,2026-05-15 10:28:05.889,{},{}
m2yfi13bo1j6bfl8f0psdmqr,2026-05-15 10:28:05.889,2026-05-15 10:28:05.889,{},{}
s62qbcrb9lkgiz2kllauf3jb,2026-05-15 10:28:05.889,2026-05-15 10:28:05.889,{},{}
lpkqemv73wow5n0qbu14hld8,2026-05-15 10:28:05.889,2026-05-15 10:28:05.889,{},{}
f0jj6ejkusv70ymnibcq3i8e,2026-05-15 10:28:05.889,2026-05-15 10:28:05.889,{},{}
kfquiylmvelsfdfbmk3xae1h,2026-05-15 10:28:05.889,2026-05-15 10:28:05.889,{},{}
b0jigwivqe5vraxip3f0e6z9,2026-05-15 10:28:05.889,2026-05-15 10:28:05.889,{},{}
n28js4rco39vm9qxhhgk22xi,2026-05-15 10:28:05.889,2026-05-15 10:28:05.889,{},{}
lk4kvnxfou2fkxl7dh46ps3o,2026-05-15 10:28:05.889,2026-05-15 10:28:05.889,{},{}
bc6dt1tnzx4k88xjr9s9n9nc,2026-05-15 10:28:05.889,2026-05-15 10:28:05.889,{},{}
ntln1x8rvepv0wepmuekdcch,2026-05-15 10:28:05.889,2026-05-15 10:28:05.889,{},{}
w6j4iblsd9zmxx9o24ffjj6x,2026-05-15 10:28:05.889,2026-05-15 10:28:05.889,{},{}
veng5lfod4f8bzkz3kiwds0x,2026-05-15 10:28:05.889,2026-05-15 10:28:05.889,{},{}
qgu6ake6hpgg4is4qw6jvvz7,2026-05-15 10:28:05.889,2026-05-15 10:28:05.889,{},{}
tsscfz1h8pjqrolachlkyhtv,2026-05-15 10:28:05.889,2026-05-15 10:28:05.889,{},{}
vxgemv6sabmr60cplehbvfxm,2026-05-15 10:28:05.889,2026-05-15 10:28:05.889,{},{}
i332coz6tm8h1xh6yjmd9mlh,2026-05-15 10:28:05.889,2026-05-15 10:28:05.889,{},{}
lsext6stmwfe0eczjz997yka,2026-05-15 10:28:05.889,2026-05-15 10:28:05.889,{},{}
w5275zp7wx4n7hj3v56wmn4u,2026-05-15 10:28:05.889,2026-05-15 10:28:05.889,{},{}
gsgxt9h7fzggp7n1p03tod5k,2026-05-15 10:28:05.889,2026-05-15 10:28:05.889,{},{}
ppu35jffm8dnag5gswgdamun,2026-05-15 10:28:05.889,2026-05-15 10:28:05.889,{},{}
uwzdpgl5oqliwq3x60lqpar5,2026-05-15 10:28:05.889,2026-05-15 10:28:05.889,{},{}
n0b1r5v9imagd360e1v0oy4p,2026-05-15 10:28:05.889,2026-05-15 10:28:05.889,{},{}
p0bojub0e5hd8nnprxrhmipc,2026-05-15 10:28:05.889,2026-05-15 10:28:05.889,{},{}
ci6hxsmd0cxyhvuexu7mddr8,2026-05-15 10:28:05.889,2026-05-15 10:28:05.889,{},{}
ufpexw2d4uk4vpvb5js2j8bd,2026-05-15 10:28:05.889,2026-05-15 10:28:05.889,{},{}
epqewd4ttax08n31wzrfsvp8,2026-05-15 10:28:05.889,2026-05-15 10:28:05.889,{},{}
nxnv8qn1a56xm0xtvfk8mxk5,2026-05-15 10:28:05.889,2026-05-15 10:28:05.889,{},{}
xe14genkp0kye4a111qbpxr9,2026-05-15 10:28:05.889,2026-05-15 10:28:05.889,{},{}
fwtq3496pbkdt6gg32rtibe5,2026-05-15 10:28:05.889,2026-05-15 10:28:05.889,{},{}
u5yq3uftg4f2lntq8kh6720u,2026-05-15 10:28:05.889,2026-05-15 10:28:05.889,{},{}
sdiwwt34dd4dbgsanxecyq8y,2026-05-15 10:28:05.889,2026-05-15 10:28:05.889,{},{}
ooar0847hc1zoehbl4ab9c0r,2026-05-15 10:28:05.889,2026-05-15 10:28:05.889,{},{}
fhtz78nmhrevdrjve6i0myvh,2026-05-15 10:28:05.889,2026-05-15 10:28:05.889,{},{}
ec71d908uj4jwxii0vmhyv9y,2026-05-15 10:28:05.889,2026-05-15 10:28:05.889,{},{}
dltuy81zhonlt2r08wokffsl,2026-05-15 10:28:05.889,2026-05-15 10:28:05.889,{},{}
gqix3fth016ati6lfw5q7k8y,2026-05-15 10:28:05.889,2026-05-15 10:28:05.889,{},{}
ln1c0yf3wsxzmmkuwn74v9a2,2026-05-15 10:28:05.889,2026-05-15 10:28:05.889,{},{}
ug22hv178ahol0vtycxfqlw4,2026-05-15 10:28:05.889,2026-05-15 10:28:05.889,{},{}
nss3oypajdr89cd991tk6oyp,2026-05-15 10:28:05.889,2026-05-15 10:28:05.889,{},{}
rg0gyrvipgrdvas005g974mm,2026-05-15 10:28:05.889,2026-05-15 10:28:05.889,{},{}
v8r3kmaxaigvkr8z8sgnmba6,2026-05-15 10:28:05.889,2026-05-15 10:28:05.889,{},{}
hmtjvwugi5sjg8etynx0za4n,2026-05-15 10:28:05.889,2026-05-15 10:28:05.889,{},{}
mi5q2tnffz6dysp3ubwksetw,2026-05-15 10:28:05.889,2026-05-15 10:28:05.889,{},{}
bxirtb7dfcykai1p72aii7i6,2026-05-15 10:28:05.889,2026-05-15 10:28:05.889,{},{}
fdlne10rah7zapocoosvbn4m,2026-05-15 10:28:05.889,2026-05-15 10:28:05.889,{},{}
pqxu6d0mrhze383jyf7icmw8,2026-05-15 10:28:05.889,2026-05-15 10:28:05.889,{},{}
s2txk08v79b94cz1nl3muap0,2026-05-15 10:28:05.889,2026-05-15 10:28:05.889,{},{}
oj7p82snk4j60y8vls6lynfa,2026-05-15 10:28:05.889,2026-05-15 10:28:05.889,{},{}
v67u0kd5cdbonwj2l16ry2pw,2026-05-15 10:28:05.889,2026-05-15 10:28:05.889,{},{}
koffbdtiock5bsjp68n3d0e9,2026-05-15 10:28:05.889,2026-05-15 10:28:05.889,{},{}
rjxxfs2133mqzu3lipjmsru7,2026-05-15 10:28:05.889,2026-05-15 10:28:05.889,{},{}
td1vilzqby86z2ht34zhbac8,2026-05-15 10:28:05.889,2026-05-15 10:28:05.889,{},{}
wqhrapqoispp1iayxrkjulii,2026-05-15 10:28:05.889,2026-05-15 10:28:05.889,{},{}
efyvnys69uoiwrhvvgeje5ma,2026-05-15 10:28:05.889,2026-05-15 10:28:05.889,{},{}
n6rp18sg4st15ta6tmmj2s3s,2026-05-15 10:28:05.889,2026-05-15 10:28:05.889,{},{}
pd128eprl5kr62d44dddbdga,2026-05-15 10:28:05.889,2026-05-15 10:28:05.889,{},{}
no1pp074d30vuejs2r31z4ht,2026-05-15 10:28:05.889,2026-05-15 10:28:05.889,{},{}
zesqpedyb3s2dkwuvo9foby7,2026-05-15 10:28:05.889,2026-05-15 10:28:05.889,{},{}
ff6q9y2cuwxn3402lvqy4e4j,2026-05-15 10:28:05.889,2026-05-15 10:28:05.889,{},{}
b7dfe4ijdhsvh2uopd1412cn,2026-05-15 10:28:05.889,2026-05-15 10:28:05.889,{},{}
knptkjq6k4t9me527so8zamq,2026-05-15 10:28:05.889,2026-05-15 10:28:05.889,{},{}
r6mogz2s3ehm8nr19e4jcur5,2026-05-15 10:28:05.889,2026-05-15 10:28:05.889,{},{}
emyspp2iwc7coxgrkmy8p0xt,2026-05-15 10:28:05.889,2026-05-15 10:28:05.889,{},{}
mk70rwcfno3qrarrdks1e6e6,2026-05-15 10:28:05.889,2026-05-15 10:28:05.889,{},{}
ty6ndje5m4wph1kae9nerizt,2026-05-15 10:28:05.889,2026-05-15 10:28:05.889,{},{}
r9ifnchroyyc5r0lvcikkxfo,2026-05-15 10:28:05.889,2026-05-15 10:28:05.889,{},{}
r1ua8z9fftacrjw15qljt4kl,2026-05-15 10:28:05.889,2026-05-15 10:28:05.889,{},{}
akad72tomgez7ux3jvcnp70f,2026-05-15 10:28:05.889,2026-05-15 10:28:05.889,{},{}
finowvyalmecypucwxq3n10p,2026-05-15 10:28:05.889,2026-05-15 10:28:05.889,{},{}
e16piu2wycreqesbleiw9dnm,2026-05-15 10:28:05.889,2026-05-15 10:28:05.889,{},{}
h0qj63xw25thp861xw6ygn7z,2026-05-15 10:28:05.889,2026-05-15 10:28:05.889,{},{}
rck790ttwoupi1vywkpdow4a,2026-05-15 10:28:05.889,2026-05-15 10:28:05.889,{},{}
c7yk4ldtv9irc97jri8vwtpz,2026-05-15 10:28:05.889,2026-05-15 10:28:05.889,{},{}
vxwmhxga5hd8g9r0hho2oqcr,2026-05-15 10:28:05.889,2026-05-15 10:28:05.889,{},{}
l1ntrmqqpv705028c6f4rtxz,2026-05-15 10:28:05.889,2026-05-15 10:28:05.889,{},{}
tiupwhkq63x3gwwelmdhh64b,2026-05-15 10:28:05.889,2026-05-15 10:28:05.889,{},{}
cpnz3rzxa8y4ol1tako0tmsi,2026-05-15 10:28:05.889,2026-05-15 10:28:05.889,{},{}
l1qfjmzf8fjgmxtc8l68d86p,2026-05-15 10:28:05.889,2026-05-15 10:28:05.889,{},{}
vi067zwmoa1avl7iekrqkcr7,2026-05-15 10:28:05.889,2026-05-15 10:28:05.889,{},{}
l1w4vzerb8d7yxs7iyxib8am,2026-05-15 10:28:05.889,2026-05-15 10:28:05.889,{},{}
t1q066qzwnvxq9za40m6irgs,2026-05-15 10:28:05.889,2026-05-15 10:28:05.889,{},{}
jc8mmcf8oh9gq6gbiakax9aa,2026-05-15 10:28:05.889,2026-05-15 10:28:05.889,{},{}
jt1dgtc25f3dpldmua1fljnn,2026-05-15 10:28:05.889,2026-05-15 10:28:05.889,{},{}
ppc3apm5iby1twnhv57arj2q,2026-05-15 10:28:05.889,2026-05-15 10:28:05.889,{},{}
fg6882m83z3yz0tat5gxfth3,2026-05-15 10:28:05.889,2026-05-15 10:28:05.889,{},{}
abz9di4fpogw2vr6kfxbe27b,2026-05-15 10:28:05.889,2026-05-15 10:28:05.889,{},{}
wwnut3cihh9av7bwb182crg5,2026-05-15 10:28:05.889,2026-05-15 10:28:05.889,{},{}
b406poqq27kzrowkzc2x07w2,2026-05-15 10:28:05.889,2026-05-15 10:28:05.889,{},{}
hvpec2q1taex56ot9v9if8yd,2026-05-15 10:28:05.889,2026-05-15 10:28:05.889,{},{}
k39amdz72aexhcc2oq9mzadv,2026-05-15 10:28:05.889,2026-05-15 10:28:05.889,{},{}
i136hhj92g0s6ly50t5hfpfu,2026-05-15 10:28:05.889,2026-05-15 10:28:05.889,{},{}
atjzwzzrmasdh6cbntiugui3,2026-05-15 10:28:05.889,2026-05-15 10:28:05.889,{},{}
h4pymcvwlvi0bmagbh02uqis,2026-05-15 10:28:05.889,2026-05-15 10:28:05.889,{},{}
j5hn7mx8b5m0cpbwomy32xqp,2026-05-15 10:28:05.889,2026-05-15 10:28:05.889,{},{}
ikqro8wrf3n9ennxfydhi253,2026-05-15 10:28:05.889,2026-05-15 10:28:05.889,{},{}
ucrwgqcrevijboepgin2o0ub,2026-05-15 10:28:05.889,2026-05-15 10:28:05.889,{},{}
z5ck6y4p0x8s1uadycc74t2b,2026-05-15 10:28:05.889,2026-05-15 10:28:05.889,{},{}
mnovmgzrp47ujakb5srubrra,2026-05-15 10:28:05.889,2026-05-15 10:28:05.889,{},{}
f02d4pkkipr93l8u486nzgty,2026-05-15 10:28:05.889,2026-05-15 10:28:05.889,{},{}
rzcgtyggde2h86ewi0ll0wn2,2026-05-15 10:28:05.889,2026-05-15 10:28:05.889,{},{}
j5il26r76sv9p32kek966btp,2026-05-15 10:28:05.889,2026-05-15 10:28:05.889,{},{}
rxam597n3qb2i85n6awrlnv5,2026-05-15 10:28:05.889,2026-05-15 10:28:05.889,{},{}
kwryobt320c6jfsquuf2vaj2,2026-05-15 10:28:05.889,2026-05-15 10:28:05.889,{},{}
m18lrrrmu2brahktggyyhjo9,2026-05-15 10:28:05.889,2026-05-15 10:28:05.889,{},{}
sq92u6qkp968nhlpmi95c5wr,2026-05-15 10:28:05.889,2026-05-15 10:28:05.889,{},{}
wylw2tqklqggi3zmsgkx8bsw,2026-05-15 10:28:05.889,2026-05-15 10:28:05.889,{},{}
ro59onhz8e6ufppoy1n6xjp9,2026-05-15 10:28:05.889,2026-05-15 10:28:05.889,{},{}
bpfk7pa4ovha0mvqa55phb7z,2026-05-15 10:28:05.889,2026-05-15 10:28:05.889,{},{}
rtuzhzpywshieia1s2ibekxf,2026-05-15 10:28:05.889,2026-05-15 10:28:05.889,{},{}
sv7urggjg9r47p961i3mlsbt,2026-05-15 10:28:05.889,2026-05-15 10:28:05.889,{},{}
lsk5yenppdttmm1qmcvde0bh,2026-05-15 10:28:05.889,2026-05-15 10:28:05.889,{},{}
mu551ljy0ropkvl0bttz7rwx,2026-05-15 10:28:05.889,2026-05-15 10:28:05.889,{},{}
mydzb3tvbgvvi30zas2h7rnj,2026-05-15 10:28:05.889,2026-05-15 10:28:05.889,{},{}
ygfwxvok1uu0lpnrur7zmtek,2026-05-15 10:28:05.889,2026-05-15 10:28:05.889,{},{}
pa9oros4b9rgv18jmt9z4lui,2026-05-15 10:28:05.889,2026-05-15 10:28:05.889,{},{}
wwkm6ed3cmbx5yqjpd3xekva,2026-05-15 10:28:05.889,2026-05-15 10:28:05.889,{},{}
tx967sq8xwyxi3luvnzitagz,2026-05-15 10:28:05.889,2026-05-15 10:28:05.889,{},{}
zptgs6x5dkqebrmjmwe57e32,2026-05-15 10:28:05.889,2026-05-15 10:28:05.889,{},{}
vw2tmwgv192wor1gfy4g85ao,2026-05-15 10:28:05.889,2026-05-15 10:28:05.889,{},{}
c8qvqa4x2fvn4qycfp9o1yiu,2026-05-15 10:28:05.889,2026-05-15 10:28:05.889,{},{}
nffypzxz6nu3iul3wbwkbipt,2026-05-15 10:28:05.889,2026-05-15 10:28:05.889,{},{}
xvt7yshqw8lkczlev6rx9iu2,2026-05-15 10:28:05.889,2026-05-15 10:28:05.889,{},{}
gwgq1v46s08t9uut20rejfd8,2026-05-15 10:28:05.889,2026-05-15 10:28:05.889,{},{}
x3gg3d0xdgfqqwn85lwwg3b8,2026-05-15 10:28:05.889,2026-05-15 10:28:05.889,{},{}
kbqpm0qs5utei6i9veubwxxu,2026-05-15 10:28:05.889,2026-05-15 10:28:05.889,{},{}
nkz61v77mzmv1wrhfttj5b50,2026-05-15 10:28:05.889,2026-05-15 10:28:05.889,{},{}
xfnu9855p9kx1u49ekwu5d3y,2026-05-15 10:28:05.889,2026-05-15 10:28:05.889,{},{}
vy99bowrpp14bdsc7ybbau19,2026-05-15 10:28:05.889,2026-05-15 10:28:05.889,{},{}
daz9qdfgnkahjgm5d0s35am5,2026-05-15 10:28:05.889,2026-05-15 10:28:05.889,{},{}
h7ptd4lm7bk5fp1zak65ud8x,2026-05-15 10:28:05.889,2026-05-15 10:28:05.889,{},{}
auwd2enrrc4mysfou56laot3,2026-05-15 10:28:05.889,2026-05-15 10:28:05.889,{},{}
acbe7gc087cdde2prf160gyg,2026-05-15 10:28:05.889,2026-05-15 10:28:05.889,{},{}
wibzjmdh45jdv6fb4t8tv9q6,2026-05-15 10:28:05.889,2026-05-15 10:28:05.889,{},{}
fv8nvifce0cmeql2b7gv8hq0,2026-05-15 10:28:05.889,2026-05-15 10:28:05.889,{},{}
utscxo1p6b87u3er19uf67pi,2026-05-15 10:28:05.889,2026-05-15 10:28:05.889,{},{}
fddrq3ok66hhtbrcb9xd9dwr,2026-05-15 10:28:05.889,2026-05-15 10:28:05.889,{},{}
y4ump3finxzv958p7vu3wuew,2026-05-15 10:28:05.889,2026-05-15 10:28:05.889,{},{}
m4l2gyrbnpw0omyeykqekzhy,2026-05-15 10:28:05.889,2026-05-15 10:28:05.889,{},{}
cmmon5yiymqjnc1zk6etww9l,2026-05-15 10:28:05.889,2026-05-15 10:28:05.889,{},{}
plwzzq9syiymxfzrro69z5k2,2026-05-15 10:28:05.889,2026-05-15 10:28:05.889,{},{}
jkri95vzvhm6gwzskyigsy2l,2026-05-15 10:28:05.889,2026-05-15 10:28:05.889,{},{}
pzhl900op4elc6fr6fc02dw2,2026-05-15 10:28:05.889,2026-05-15 10:28:05.889,{},{}
hyhyobl0sz2068h2gjw1oo2x,2026-05-15 10:28:05.889,2026-05-15 10:28:05.889,{},{}
pjnzlq2q5xtn0zxhoheyj4qh,2026-05-15 10:28:05.889,2026-05-15 10:28:05.889,{},{}
sykub8a8o163ykkrgre8ipsx,2026-05-15 10:28:05.889,2026-05-15 10:28:05.889,{},{}
bqifmrtic11kx7i9dzgvd7k6,2026-05-15 10:28:05.889,2026-05-15 10:28:05.889,{},{}
b7cvxi8mcemtzr3759qtdcl5,2026-05-15 10:28:05.889,2026-05-15 10:28:05.889,{},{}
ou6ixhm8bzjiwe55v8h2zdys,2026-05-15 10:28:05.889,2026-05-15 10:28:05.889,{},{}
ax2nqpha0vrcs9m0szjkzj6e,2026-05-15 10:28:05.889,2026-05-15 10:28:05.889,{},{}
z9v4p0rl21kwka02ly798nsy,2026-05-15 10:28:05.889,2026-05-15 10:28:05.889,{},{}
e4crm8d4l842qg7npjpzkscl,2026-05-15 10:28:05.889,2026-05-15 10:28:05.889,{},{}
jkaaryr4eotbjunx7rx7wd0i,2026-05-15 10:28:05.889,2026-05-15 10:28:05.889,{},{}
f572vxdmvqfh3zfiqgddh91f,2026-05-15 10:28:05.889,2026-05-15 10:28:05.889,{},{}
cbw0jr50zd3jgxoibhp0j3hy,2026-05-15 10:28:05.889,2026-05-15 10:28:05.889,{},{}
x557v2mk65qrsx9qphu9bvay,2026-05-15 10:28:05.889,2026-05-15 10:28:05.889,{},{}
wbixiabvoo8o3ymo1t4tne7s,2026-05-15 10:28:05.889,2026-05-15 10:28:05.889,{},{}
tdpt3mb4x7k7czus1hxah7xi,2026-05-15 10:28:05.889,2026-05-15 10:28:05.889,{},{}
at9gagt06j91bzst2ne886jq,2026-05-15 10:28:05.889,2026-05-15 10:28:05.889,{},{}
dl00szpg65lqr3y5e6v3ep00,2026-05-15 10:28:05.889,2026-05-15 10:28:05.889,{},{}
l0ziufm29t2uumdjb1uxkfyz,2026-05-15 10:28:05.889,2026-05-15 10:28:05.889,{},{}
zexkzq0q3dkmolgok4wa08dd,2026-05-15 10:28:05.889,2026-05-15 10:28:05.889,{},{}
gu7ddyttjyxyi1bnr8h6xe85,2026-05-15 10:28:05.889,2026-05-15 10:28:05.889,{},{}
numh8wwpxzgmsqkgx20valj1,2026-05-15 10:28:05.889,2026-05-15 10:28:05.889,{},{}
cvilkq70r3pyv05whsgnthn8,2026-05-15 10:28:05.889,2026-05-15 10:28:05.889,{},{}
m5dan8662zdzio8a9dr1dbcm,2026-05-15 10:28:05.889,2026-05-15 10:28:05.889,{},{}
nopga3tyrdhb39usfkxfnxxg,2026-05-15 10:28:05.889,2026-05-15 10:28:05.889,{},{}
dbr7ckyxlek36ah41yo4tsjw,2026-05-15 10:28:05.889,2026-05-15 10:28:05.889,{},{}
e8c11d7mf8sk63c3eentlmjc,2026-05-15 10:28:05.889,2026-05-15 10:28:05.889,{},{}
c4cu0wz7q8v2ndl9ku7qe1n0,2026-05-15 10:28:05.889,2026-05-15 10:28:05.889,{},{}
q4wifcg3am0xlmahmoom0va4,2026-05-15 10:28:05.889,2026-05-15 10:28:05.889,{},{}
znp4d1oagz184x6zsudnki06,2026-05-15 10:28:05.889,2026-05-15 10:28:05.889,{},{}
htmstjzci5tkdc5l3fy9gxkv,2026-05-15 10:28:05.889,2026-05-15 10:28:05.889,{},{}
uo68v7enk4y8rmcu7gdlbg5x,2026-05-15 10:28:05.889,2026-05-15 10:28:05.889,{},{}
llys2hx6q4mxztosot0xsb61,2026-05-15 10:28:05.889,2026-05-15 10:28:05.889,{},{}
vrb9efxzvtwvwlkhstrqkx7s,2026-05-15 10:28:05.889,2026-05-15 10:28:05.889,{},{}
e8f366ot5qjaw47clp33vt7c,2026-05-15 10:28:05.889,2026-05-15 10:28:05.889,{},{}
nly6rhpbuws3z1rajxqa6jul,2026-05-15 10:28:05.889,2026-05-15 10:28:05.889,{},{}
uxtiwlu2r3b76yel8p8po6cz,2026-05-15 10:28:05.889,2026-05-15 10:28:05.889,{},{}
hwdlzpmq3p6gojwruddjfui8,2026-05-15 10:28:05.889,2026-05-15 10:28:05.889,{},{}
s60u8ofu5r5n01kahyjzaips,2026-05-15 10:28:05.889,2026-05-15 10:28:05.889,{},{}
ycgqtja5lgpfnwh4hdadvzse,2026-05-15 10:28:05.889,2026-05-15 10:28:05.889,{},{}
uir765szn7tp3510krojj0x5,2026-05-15 10:28:05.889,2026-05-15 10:28:05.889,{},{}
r23wephzdixpjoa7uz36dlvc,2026-05-15 10:28:05.889,2026-05-15 10:28:05.889,{},{}
ib9ggk696b1df12fdgeup0nw,2026-05-15 10:28:05.889,2026-05-15 10:28:05.889,{},{}
pcpnfi8uhqf01dtzdh372w5p,2026-05-15 10:28:05.889,2026-05-15 10:28:05.889,{},{}
lkbihbubvxwbpikqbocro6qx,2026-05-15 10:28:05.889,2026-05-15 10:28:05.889,{},{}
pf37h70ykoq1fu1dzzc39dps,2026-05-15 10:28:05.889,2026-05-15 10:28:05.889,{},{}
qhrtpbyr0aq0yqajn2p7ohy8,2026-05-15 10:28:05.889,2026-05-15 10:28:05.889,{},{}
ycq0rm98c3atkg8lzgah6oma,2026-05-15 10:28:05.889,2026-05-15 10:28:05.889,{},{}
n3y0z4kn7u73cyncpaqbjzlc,2026-05-15 10:28:05.889,2026-05-15 10:28:05.889,{},{}
xnqe0tsdr758fs8srbplkspq,2026-05-15 10:28:05.889,2026-05-15 10:28:05.889,{},{}
snecjeb5vdn36fa2omyenlgp,2026-05-15 10:28:05.889,2026-05-15 10:28:05.889,{},{}
cbhf9q87t2q1k6a5vqb9tw54,2026-05-15 10:28:05.889,2026-05-15 10:28:05.889,{},{}
ml4kw9a0treelek5j4qwuu8t,2026-05-15 10:28:05.889,2026-05-15 10:28:05.889,{},{}
aauqvvjfelsg1c79uijla1qs,2026-05-15 10:28:05.889,2026-05-15 10:28:05.889,{},{}
fktlc1r2jb78kox1epy1ezom,2026-05-15 10:28:05.889,2026-05-15 10:28:05.889,{},{}
bnvmb1qd5h476yjzlfeeiwxc,2026-05-15 10:28:05.889,2026-05-15 10:28:05.889,{},{}
alpz820kwjulfcigni8oqx95,2026-05-15 10:28:05.889,2026-05-15 10:28:05.889,{},{}
wkrbmn6zo7tkv5kbrryz1kn4,2026-05-15 10:28:05.889,2026-05-15 10:28:05.889,{},{}
wyd4fl3hhs0ebktptuh4g0z0,2026-05-15 10:28:05.889,2026-05-15 10:28:05.889,{},{}
ew0ih9q0e58g4beve2ve2527,2026-05-15 10:28:05.889,2026-05-15 10:28:05.889,{},{}
hzfw7ah7xgpe61hq3rura68u,2026-05-15 10:28:05.889,2026-05-15 10:28:05.889,{},{}
jh3n52s0hrm4nbdf8x971y4o,2026-05-15 10:28:05.889,2026-05-15 10:28:05.889,{},{}
j07618ab4e8p68vnec33iu55,2026-05-15 10:28:05.889,2026-05-15 10:28:05.889,{},{}
nkdq4iklw0a0kxyecny0c1iw,2026-05-15 10:28:05.889,2026-05-15 10:28:05.889,{},{}
mcg3q45gw662rnrwjby4hmmw,2026-05-15 10:28:05.889,2026-05-15 10:28:05.889,{},{}
j4txridu23lk6ebatg51fo06,2026-05-15 10:28:05.889,2026-05-15 10:28:05.889,{},{}
wl84rgvumxxpvqa56xvvvrye,2026-05-15 10:28:05.889,2026-05-15 10:28:05.889,{},{}
rkb243ljke8rragzav8geibd,2026-05-15 10:28:05.889,2026-05-15 10:28:05.889,{},{}
s5wgccgbnjggw6ywdbuq4lfu,2026-05-15 10:28:05.889,2026-05-15 10:28:05.889,{},{}
was93idzxxpexnirqglvlot7,2026-05-15 10:28:05.889,2026-05-15 10:28:05.889,{},{}
c9s2dua171uatwjd7ojx2b9i,2026-05-15 10:28:05.889,2026-05-15 10:28:05.889,{},{}
jf68d3bn4w7cuz77rq0bu7fj,2026-05-15 10:28:05.889,2026-05-15 10:28:05.889,{},{}
v13rinrp5fl71fme8ofwf5m3,2026-05-15 10:28:05.889,2026-05-15 10:28:05.889,{},{}
s265fcatrfuopyn3dgl98tov,2026-05-15 10:28:05.889,2026-05-15 10:28:05.889,{},{}
ycxso5l2kq640m9epv062s4w,2026-05-15 10:28:05.889,2026-05-15 10:28:05.889,{},{}
fsjfe0snkfhrqhegrum87ls6,2026-05-15 10:28:05.889,2026-05-15 10:28:05.889,{},{}
x1dh3hefohz1d6a0zm14snwj,2026-05-15 10:28:05.889,2026-05-15 10:28:05.889,{},{}
soeu5yy664w0umceeetd20x8,2026-05-15 10:28:05.889,2026-05-15 10:28:05.889,{},{}
qn6kuicxp0xpbbw00l6bjyyv,2026-05-15 10:28:05.889,2026-05-15 10:28:05.889,{},{}
a658iye2rdejqnxqip5cl4yt,2026-05-15 10:28:05.889,2026-05-15 10:28:05.889,{},{}
xgv2fv2p7ctsqc5woft5yox5,2026-05-15 10:28:05.889,2026-05-15 10:28:05.889,{},{}
n8aekaf595hb5bus1ftzzk0o,2026-05-15 10:28:05.889,2026-05-15 10:28:05.889,{},{}
gfztveednxzl437dp8sbo0us,2026-05-15 10:28:05.889,2026-05-15 10:28:05.889,{},{}
ksc7lmpe39m6086bbsm0rrjj,2026-05-15 10:28:05.889,2026-05-15 10:28:05.889,{},{}
c64shqwqbxbnqb5dwcyru6zx,2026-05-15 10:28:05.889,2026-05-15 10:28:05.889,{},{}
gex6gp88488apjmlq3tau38x,2026-05-15 10:28:05.889,2026-05-15 10:28:05.889,{},{}
xxgfchzhbaxh3uy53myb4sfv,2026-05-15 10:28:05.889,2026-05-15 10:28:05.889,{},{}
jek0xvvfmbdrx1z7cgih64u7,2026-05-15 10:28:05.889,2026-05-15 10:28:05.889,{},{}
x5sgkrvh4qal792sz9bjtgw9,2026-05-15 10:28:05.889,2026-05-15 10:28:05.889,{},{}
ya2b7xmqs1lg8c1rl38z70da,2026-05-15 10:28:05.889,2026-05-15 10:28:05.889,{},{}
r19ofz4lhm7zx2jtkkjya34a,2026-05-15 10:28:05.889,2026-05-15 10:28:05.889,{},{}
xo2dm7ctv0ieh5ajrdzc41v7,2026-05-15 10:28:05.889,2026-05-15 10:28:05.889,{},{}
fhc8q0bwyxrhoahe3fo9jap6,2026-05-15 10:28:05.889,2026-05-15 10:28:05.889,{},{}
xsgqfwzqg6ufy4vofqlf3tpy,2026-05-15 10:28:05.889,2026-05-15 10:28:05.889,{},{}
t3ta4xxgiywq80bg2tnrp6lp,2026-05-15 10:28:05.889,2026-05-15 10:28:05.889,{},{}
c83lczmr095q45w2dmoszdir,2026-05-15 10:28:05.889,2026-05-15 10:28:05.889,{},{}
vk2eye5xl5uk2y2nc1czupvu,2026-05-15 10:28:05.889,2026-05-15 10:28:05.889,{},{}
l4p3xzvhnrk0mrixfbzl60ra,2026-05-15 10:28:05.889,2026-05-15 10:28:05.889,{},{}
lxlm6aj8e9gccbf92iols6le,2026-05-15 10:28:05.889,2026-05-15 10:28:05.889,{},{}
j7fuvtgjouvjl0ej1lwug7ck,2026-05-15 10:28:05.889,2026-05-15 10:28:05.889,{},{}
za78tx857evyyhmz4r5fe30r,2026-05-15 10:28:05.889,2026-05-15 10:28:05.889,{},{}
oqsuncckgr29wflq4g8kvq7p,2026-05-15 10:28:05.889,2026-05-15 10:28:05.889,{},{}
vw7z09oll9yjrr8871f6wdi1,2026-05-15 10:28:05.889,2026-05-15 10:28:05.889,{},{}
m1ac1btn0df5s7uz0dnasgo1,2026-05-15 10:28:05.889,2026-05-15 10:28:05.889,{},{}
lwvkw5zqbct0pkx3pcpuck0i,2026-05-15 10:28:05.889,2026-05-15 10:28:05.889,{},{}
w0978enpqe7gz63uf6sl9d1l,2026-05-15 10:28:05.889,2026-05-15 10:28:05.889,{},{}
v3hmc3eqsd8k89yb1e17bz5n,2026-05-15 10:28:05.889,2026-05-15 10:28:05.889,{},{}
qjv8vf30x1u30p7gztbkpq3p,2026-05-15 10:28:05.889,2026-05-15 10:28:05.889,{},{}
cvur47s1gqak651dn5oto69y,2026-05-15 10:28:05.889,2026-05-15 10:28:05.889,{},{}
uuu3imu69fn3ldzx02a96nr0,2026-05-15 10:28:05.889,2026-05-15 10:28:05.889,{},{}
wcnjjeckif9j92ftk1909r0j,2026-05-15 10:28:05.889,2026-05-15 10:28:05.889,{},{}
zxwzmyasavtlsqs31edojvnh,2026-05-15 10:28:05.889,2026-05-15 10:28:05.889,{},{}
es8xgenwpopre319aubz0owl,2026-05-15 10:28:05.889,2026-05-15 10:28:05.889,{},{}
zngc414shvqrwpbkure6apxg,2026-05-15 10:28:05.889,2026-05-15 10:28:05.889,{},{}
uzb7x88odhu2jcvoekdtxphm,2026-05-15 10:28:05.889,2026-05-15 10:28:05.889,{},{}
uvnrcskmvy5p3aj6y9zvlwqm,2026-05-15 10:28:05.889,2026-05-15 10:28:05.889,{},{}
y0wvew7dgc00w70ltunycjsh,2026-05-15 10:28:05.889,2026-05-15 10:28:05.889,{},{}
jdzpmngfrn9xxyx3v7zkgkt7,2026-05-15 10:28:05.889,2026-05-15 10:28:05.889,{},{}
